{"cameraMode":{"drawMode":0,"name":"Shaded","section":"Shading Mode"},"sceneLighting":true,"audioPlay":false,"sceneViewState":{"m_AlwaysRefresh":false,"showFog":true,"showSkybox":true,"showFlares":true,"showImageEffects":true,"showParticleSystems":true,"showVisualEffectGraphs":true,"m_FxEnabled":true},"in2DMode":false,"pivot":{"x":-0.07297682762145996,"y":1.9574885368347169,"z":0.7713422179222107},"rotation":{"x":0.4208221733570099,"y":0.5664004683494568,"z":-0.41505134105682375,"w":0.5742650628089905},"size":0.8660253882408142,"orthographic":false}